name,category,area,address,phone,description,image_url_or_local_path
追加候補1,,,,,,
追加候補2,,,,,,
追加候補3,,,,,,
追加候補4,,,,,,
追加候補5,,,,,,
追加候補6,,,,,,
追加候補7,,,,,,
追加候補8,,,,,,
追加候補9,,,,,,
追加候補10,,,,,,
追加候補11,,,,,,
追加候補12,,,,,,
追加候補13,,,,,,
追加候補14,,,,,,
追加候補15,,,,,,
追加候補16,,,,,,
追加候補17,,,,,,
追加候補18,,,,,,
追加候補19,,,,,,
追加候補20,,,,,,
追加候補21,,,,,,
追加候補22,,,,,,
追加候補23,,,,,,
追加候補24,,,,,,
追加候補25,,,,,,
追加候補26,,,,,,
追加候補27,,,,,,
追加候補28,,,,,,
追加候補29,,,,,,
追加候補30,,,,,,
追加候補31,,,,,,
追加候補32,,,,,,
追加候補33,,,,,,
追加候補34,,,,,,
追加候補35,,,,,,
追加候補36,,,,,,
追加候補37,,,,,,
追加候補38,,,,,,
追加候補39,,,,,,
追加候補40,,,,,,
追加候補41,,,,,,
追加候補42,,,,,,
追加候補43,,,,,,
追加候補44,,,,,,
追加候補45,,,,,,
追加候補46,,,,,,
追加候補47,,,,,,
追加候補48,,,,,,
追加候補49,,,,,,
追加候補50,,,,,,
追加候補51,,,,,,
追加候補52,,,,,,
追加候補53,,,,,,
追加候補54,,,,,,
追加候補55,,,,,,
追加候補56,,,,,,
追加候補57,,,,,,
追加候補58,,,,,,
追加候補59,,,,,,
追加候補60,,,,,,
追加候補61,,,,,,
追加候補62,,,,,,
追加候補63,,,,,,
追加候補64,,,,,,
